epoch,train_total_loss,train_state_loss,train_attack_loss,validation_pr_auc,validation_state_loss_mse
1.0,1.0140653903069703,0.5762772188886353,0.4377881720662117,0.7233673385323623,1.8993335962295532
2.0,0.8022402233403662,0.48745594092685246,0.31478428361208544,0.7181552208024329,1.906525731086731
3.0,0.7607471120098362,0.46389168079780496,0.2968554315359696,0.7463963438532754,1.9186676740646362
4.0,0.7013997654552045,0.4448338340158048,0.25656593224924545,0.7325634121243223,1.828553557395935
5.0,0.6547157598578411,0.41211702834976754,0.24259873274713756,0.7483234166059965,1.9465173482894897
6.0,0.6352910155835358,0.40528370090152904,0.23000731373448735,0.754137074543705,1.9657191038131714
7.0,0.6446128253055655,0.42631675886071246,0.21829606803012608,0.723088246543959,1.7995132207870483
8.0,0.5995215253985446,0.3927955529612044,0.20672597153031308,0.7731813166955139,1.8582950830459595
9.0,0.5930504818325457,0.4019434362002041,0.19110704678232254,0.7496754301552805,1.7845615148544312
10.0,0.5729065771984018,0.3900951734055644,0.18281140376044355,0.7783026918826801,1.8522495031356812
11.0,0.5807980532231538,0.3999644284662993,0.18083362368785816,0.7475096271586874,2.0040066242218018
12.0,0.5602614034777103,0.3949896008424137,0.1652718013840849,0.7592470883465553,1.8115006685256958
13.0,0.5542970546561738,0.38680053236691847,0.16749652102589607,0.7602820471749734,1.8125168085098267
14.0,0.5695612160407979,0.3983339821514876,0.17122723082404423,0.7724539831297179,1.8375064134597778
15.0,0.5453095782062282,0.38725167091773904,0.15805790667844755,0.7689538870396173,1.7882903814315796
16.0,0.5413253812686257,0.3946390716601973,0.1466863083369706,0.7667914100450779,1.8416160345077515
17.0,0.5313254818320274,0.3823221389690171,0.149003344164173,0.7893981799928399,1.796344518661499
18.0,0.5399080888084743,0.39642914844595867,0.14347894015195578,0.7759439340596843,1.8251854181289673
19.0,0.533183414067911,0.3945439672016579,0.1386394462507704,0.7637659914815216,1.7987107038497925
20.0,0.519674938722797,0.39091916317525116,0.12875577487334933,0.7850518787500229,1.9443594217300415
21.0,0.5006766413217005,0.38133534581764883,0.11934129606689448,0.7919746092458796,1.8488123416900635
22.0,0.4972429239879484,0.3780671255096145,0.11917579770088196,0.7980936382818775,1.933512568473816
23.0,0.5632980644702912,0.4286937174589738,0.13460434886586406,0.7804630142814688,1.7718360424041748
24.0,0.524974389017924,0.40458338069527044,0.12039100843198274,0.7878766848998824,1.8330930471420288
25.0,0.5085608566584794,0.3806453126280204,0.12791554584451345,0.7341410764371119,1.8878343105316162
26.0,0.5022828338262828,0.38423951997057254,0.11804331370993801,0.7803397071106051,1.896941065788269
27.0,0.5229715026591135,0.40508783733391246,0.11788366395118394,0.8041608253060333,1.8416948318481445
28.0,0.5133491770080898,0.4046298516833264,0.10871932545299032,0.7802090105526742,1.815498948097229
29.0,0.4797698128806508,0.3783651095693526,0.10140470316147675,0.7859990528865184,1.8271241188049316
30.0,0.4850146799631741,0.386047171930904,0.09896750696732298,0.7751898010516693,1.8729476928710938
31.0,0.4834741008994372,0.37925904325169063,0.1042150564248795,0.7644460606002517,1.779007911682129
32.0,0.5033025350907575,0.41246179951273876,0.09084073524598195,0.7631439300818699,1.7819565534591675
33.0,0.4752593282610178,0.38668373787532684,0.08857558927822697,0.783178549774201,1.783445954322815
34.0,0.4717701074869736,0.38580810612310534,0.08596200247791232,0.7495947669999061,1.850817322731018
35.0,0.47879494705601877,0.38484205739653626,0.09395288742256842,0.7578085200200922,8.484975814819336
36.0,0.542901759562285,0.4137839947705684,0.12911776563749933,0.8011217699647828,1.842301368713379
37.0,0.5082174472186877,0.3940499395132065,0.11416750840465323,0.7720926605464897,1.8321454524993896
