epoch,train_state_loss_monitor_only,train_attack_loss_monitor_only,train_stage_loss,validation_macro_f1_mean_over_steps
1,0.3841167080985463,0.10880612307228148,0.2803313023046307,0.47372547883851296
2,0.3808605033094468,0.10948745050346075,0.09252674271878988,0.47574813589198284
3,0.3806195373930361,0.10881356067307617,0.07567224494060097,0.4747616917710024
4,0.38069780698936917,0.10880137534316062,0.07305545229464769,0.4747573556834042
5,0.3870504635831584,0.10880853096225664,0.06597503672515892,0.4754828541984308
6,0.38128712028265,0.10886515929647114,0.06594895600219784,0.4742588399083599
7,0.38109064873145976,0.10894552712207255,0.06085697612117814,0.4731092275031814
8,0.38099794789500857,0.10915123076056657,0.0620552792902226,0.4736641842983242
9,0.38143348622581236,0.11042178987484912,0.06562302309776778,0.4741652648500823
10,0.3806260003991749,0.10880060077153915,0.06256541015660015,0.4709861279426312
