CLAIM,CAN WE SAY THIS?,EVIDENCE,CONFIDENCE,REQUIRED QUALIFIER
Predicts future attacks,PARTIALLY SUPPORTED,"Phase 6B whole-horizon attack probability, validated on held-out test data (Phase 8A)",High for whole-horizon; no per-step evidence yet,'predicts whether an attack occurs somewhere in the next 6 windows' -- not per-step until R6 is closed
Forecasts attacker progression,PARTIALLY SUPPORTED,Phase 7D six-step MITRE stage trajectory is genuine,"Moderate -- taxonomy doesn't cover all 5 PS-named stages, INITIAL_ACCESS has no val/test examples, labels are a 'reasoned mapping' not authoritative MITRE ground truth",'MITRE-stage-derived non-benign signal' for anything computed as 1-P(BENIGN); never call it causal kill-chain inference
Predicts infiltration probability,PARTIALLY SUPPORTED,Phase 6B whole-horizon head,High for the whole-horizon number itself; a genuinely per-step 'infiltration probability at t+k' does not exist yet,State explicitly which horizon definition is being reported
Generalizes to unseen attacks,NOT SUPPORTED,"No audited experiment exists; the one preliminary, unaudited signal (world_model/zero_shot_results.json) suggests POOR generalization (near-random AUC on a wholly unseen attack family)",Low -- this claim would currently be actively contradicted by the best available (if unaudited) evidence,Do not make this claim until Step 5's audited experiment is run
Uses packet-level information,NOT SUPPORTED,"Phase 9D-9G demonstrated packet-level EXTRACTION is feasible in isolation; Phase 9H/9I established it cannot currently be validly integrated into the forecasting model (RED, RED)",High confidence this claim would be false if made about the trained model,"'packet-level feature extraction was investigated and characterized, but is not part of the current trained model' if mentioned at all"
Uses a network graph,NOT SUPPORTED,"Phase 9E characterized graph feasibility; the production representation is a feature vector, not a graph",High confidence this claim would be false,'graph representation feasibility was characterized as future work' if mentioned at all
Uses SHAP,NOT SUPPORTED,Phase 7C: SHAP GradientExplainer unavailable (TensorFlow absent); actual method is Gradient x Input,High confidence 'uses SHAP' would be a false claim,'post-hoc gradient-based feature attribution with SHAP-compatible explainability infrastructure'
Learns attacker kill-chain progression,NOT SUPPORTED,"Phase 7B/7D stage labels are a reasoned mapping from dataset labels, not authoritative MITRE ground truth or causal attacker-behavior data",High confidence the causal framing is unsupported,"'MITRE-stage classification derived from dataset labels', never 'learns attacker behavior' or 'causal kill-chain'"
Provides calibrated probabilities,NOT SUPPORTED,Phase 8B: raw probabilities outperformed validation-fitted Platt calibration under observed prevalence shift,High confidence 'calibrated' would be a false claim,"'uncalibrated risk scores, ranking-useful but not probability-accurate' -- unless/until conformal prediction (P2) is built and validated"
Supports counterfactual defense,NOT SUPPORTED,"Not built (Step 8 of this audit is a feasibility analysis, not an implementation)",N/A -- capability does not exist yet,"Do not claim until built, and even then only as 'simulated trajectory under a hypothetical feature-state edit', never causal"
Outperforms baselines,PARTIALLY SUPPORTED,Phase 8A: Temporal Transformer beats logistic regression clearly; World Model also beats logistic regression but is NOT the strongest model overall,"High, but must name WHICH model",Specify 'the Temporal Transformer' as the strongest model; never say 'the World Model outperforms all baselines' -- it does not beat the Transformer
Works offline,SUPPORTED,"Trained-model inference path requires no network access; PCAP research phases used the network only for one-time data acquisition, not shipped-system operation",High for the inference path itself,"None required, though the demo interface's offline status should be re-verified once R11/R12 integration work is done"
