ID,PS Requirement,Exact/faithful PS interpretation,Current NetOracle implementation,Evidence/artifact,Status,Scientific confidence,Missing work,Priority
R1,"Flow-level features (NetFlow/IPFIX): src/dst IP/port pairs, TCP flags, protocol, bytes/packets/flow, duration, IAT stats, bidirectional ratios",Model input should be built from these flow-level fields,"157 features from CICFlowMeter-derived data/windows/*.csv (protocol, ports [dst_port__sum/mean], byte/packet counts, flow duration, IAT-style aggregates, TCP flag counts all present); raw Src/Dst IP identity is DELIBERATELY EXCLUDED from model features (POTENTIAL_IDENTIFIER policy, docs/CIC_IDS2018_FEATURE_POLICY.md) to avoid host-memorization shortcuts",data/windows/*.csv; scripts/build_temporal_dataset.py; docs/CIC_IDS2018_FEATURE_POLICY.md; world_model_dataset.py (EXPECTED_FEATURE_COUNT=157),YELLOW,High confidence the design choice is defensible; not a literal match to PS wording (IP identity excluded by design),None required for correctness; optionally document the exclusion rationale in the architecture doc for judges,P3
R2,"Packet-level features (PCAP-derived): TTL/variance, TCP window size, IP fragment flags, payload size distribution, port-scan signatures, retransmission counts",Model input should also incorporate packet-level signal,"Extraction capability DEMONSTRATED on real PCAPs (Phase 9D-9G: TTL, TCP window, IP fragmentation, payload length all confirmed DIRECT/available; retransmission and port-scan indicators explicitly classified NOT IMPLEMENTED / DERIVED-HEURISTIC, honestly). NOT integrated into the trained forecasting model: Phase 9H/9I established the only available PCAP data (449/449 per-host captures) cannot be validly paired with the flow-level CSV population (RED verdict both phases)","experiments/results/phase9e_temporal_packet_graph, phase9g_event_representation, phase9h_multimodal_baseline (RED), phase9i_pcap_flow_alignment (RED)",YELLOW,High confidence extraction works; high confidence current integration is NOT scientifically valid with available data,"Requires new, non-single-host PCAP data or authoritative timezone documentation before packet-level features can be legitimately integrated (see Phase 9I recommendation)",P1
R3,Network state represented as structured feature vector OR graph encoding active flows at time t,Either representation is explicitly acceptable per PS wording,"Feature vector representation S(t) in R^157, used throughout Phases 3.5-9I. Graph representation explored and characterized (Phase 9E: sparse, host-dependent, 30.9%-80.5% non-empty windows) but not used as the production representation",world_model_dataset.py; experiments/phase9e_temporal_packet_graph.py,GREEN,High,None -- PS explicitly permits vector-only representation,P3
R4,Learn P(S_t+1 | S_t) via sequence model (LSTM / Temporal Transformer / GNN suggested),Core world-model requirement: learned state-transition dynamics,"VectorWorldModel's LatentTransition module: learned residual z(k+1)=z(k)+f(z(k)), applied recursively 6x, trained end-to-end with a real state-reconstruction (MSE) loss against ground-truth future states Y","experiments/phase6b_vector_world_model.py (LatentTransition, StateDecoder); experiments/results/phase6b_vector_world_model/metrics.json",GREEN,High -- this is the most rigorously validated part of the project,None,P3
R5,"Generalize to unseen attack patterns, not merely memorize signatures","Requires an evaluation design that actually holds out an attack TYPE/family, not just a random or purely temporal split","NOT tested in the audited Phase 3-9I pipeline (that pipeline uses a chronological-within-day split, not an attack-family holdout). A preliminary, UNAUDITED experiment exists (world_model/zero_shot_results.json) suggesting POOR generalization to a wholly unseen attack family (Infiltration): test AUC 0.37-0.43 (worse than random), recall <1.5% at every horizon, despite near-perfect in-distribution validation (AUC 0.9999)","world_model/zero_shot_results.json (UNAUDITED -- cited as motivating evidence only, not a validated result)",RED,"No audited evidence either way; preliminary unaudited evidence points to a real, unresolved risk",A properly audited leave-one-attack-family-out experiment using the canonical Phase 3.5 dataset interface (see Step 5 / roadmap P1),P1
R6,Time-series probability score: likelihood of infiltration in the next K time windows,"Reads as a K-indexed (per-step) series, not one whole-horizon scalar","VectorWorldModel's AttackForecastHead outputs exactly ONE whole-horizon probability P(attack somewhere in t+1..t+6) via mean-pooling the rollout (established limitation, Phase 7D). The six-step MITRE STAGE trajectory IS genuinely per-step. An unaudited alternate architecture (NetworkWorldModel) already has native per-step attack_probs/mitre_logits outputs, but is untrained (no checkpoint)","experiments/phase6b_vector_world_model.py (AttackForecastHead.forward: pooled = z_future.mean(dim=1)); experiments/results/phase7d_trajectory; world_model/world_model.py (unaudited, architecturally per-step)",YELLOW,High confidence in the gap; the per-step MITRE stage trajectory partially substitutes but 1-P(BENIGN) must never be called native per-step attack probability,Add a genuine per-step attack-probability head to the AUDITED VectorWorldModel backbone (see Step 6 / roadmap P1),P1
R7,"MITRE ATT&CK stage mapping: Reconnaissance, Initial Access, Lateral Movement, Command & Control, Exfiltration",5 named stages must be representable,"Real, tested, production-reachable stage mapping exists (forecasting.mitre_mapping, wired via run_pipeline.py into the dashboard) and an audited 6-class research taxonomy (Phase 7B). Neither fully matches the PS's 5 named stages: Phase 7B's taxonomy is missing Reconnaissance and Exfiltration and includes 2 non-PS classes (CREDENTIAL_ACCESS, IMPACT); INITIAL_ACCESS additionally has zero validation/test examples in the established split",forecasting/mitre_mapping.py; experiments/results/phase7b_mitre_stage_head; DUAL_IMPLEMENTATION_FINDING.mitre_taxonomy_inconsistency,YELLOW,High confidence the mapping mechanism works; high confidence the taxonomy doesn't fully cover the PS's named stages,Reconcile taxonomy to cover all 5 PS-named stages; either source more INITIAL_ACCESS examples or explicitly document the limitation,P1
R8,Explainability via attention or SHAP values; 'black-box outputs without interpretability are not acceptable',"Non-negotiable, explicit deliverable",Real gradient-based attribution + SHAP-compatible infrastructure exists and was audited (Phase 7C: 943-line explainability/shap_explainer.py). True SHAP GradientExplainer unavailable (TensorFlow absent) -- actual method is Gradient x Input fallback. NOT reachable from any Django view; only invoked by standalone research scripts and the non-functional Streamlit app,explainability/shap_explainer.py; experiments/phase7c_explainability.py; experiments/results/phase7c_explainability,YELLOW,"High confidence the attribution method itself is real and correct; wording must always say 'gradient-based attribution with SHAP-compatible infrastructure', never 'uses SHAP'",Wire explainability output into whatever the final demo interface is (see roadmap P0),P0
R9,Feature-extraction pipeline supporting CIC-IDS-2018 or CTU-13; PCAP parsing via Scapy/PyShark,Either dataset acceptable; PCAP parsing via a named library,"CIC-IDS-2018 CSV support extensively validated (Phase 2-3.5, 16.2M raw flow rows audited). scapy-based PCAP parsing validated against real S3 PCAP archive data (Phase 9D-9I). CTU-13 not supported (not required -- PS says 'or')",docs/CIC_IDS2018_DATA_READINESS.md; experiments/phase9d_pcap_validation.py (scapy),GREEN,High,None,P3
R10,Trained world model with reproducible training scripts and model weights,"A real, reproducible, weight-bearing artifact",VectorWorldModel checkpoints exist and are reproducible (Phase 9H reproduced Phase 6B's exact test metrics bit-for-bit with the same seed). The alternate NetworkWorldModel has no checkpoint anywhere in the repo,experiments/results/phase6b_vector_world_model/model/best_model.pt (confirmed present); experiments/results/phase9h_multimodal_baseline/multimodal_baseline_report.md (exact reproduction),GREEN,High,None for the audited track,P3
R11,"Infiltration prediction ENGINE: K-step forward simulation + probability scores + MITRE stage mapping + feature attribution, combined into one usable engine",One integrated pipeline producing all of the above together,"Individual pieces exist and are each independently validated in research scripts (rollout, whole-horizon probability, per-step MITRE stage, attribution), but they are NEVER assembled into one working, checkpoint-backed engine. The one integrated pipeline that DOES exist (run_pipeline.py, reachable from the dashboard) uses the heuristic fallback, not the trained VectorWorldModel, and its stage/chain output uses a DIFFERENT, less-audited heuristic (AttackChainBuilder/NextVictimForecaster) than Phase 7B/7D's validated research",run_pipeline.py; world_model/inference_service.py (heuristic_fallback); DUAL_IMPLEMENTATION_FINDING,RED,High confidence this is the single biggest integration gap in the project,Build one production inference path that loads the actual VectorWorldModel checkpoint and calls the actual audited MITRE/explainability code (see roadmap P0),P0
R12,"Demonstration interface (Streamlit/Flask/CLI), accepts PCAP/CSV, runs fully offline, shows probability timeline + flagged flows + stage annotations","A working, demoable interface","Django dashboard exists but shows a 'Model offline' fallback state (templates/dashboard/index.html) because no production checkpoint exists. A fully-built 5-tab Streamlit dashboard also exists (world_model/src/streamlit.py) but its model checkpoint is also absent -- it currently fails to load and shows an error, and its one working demo ('Benchmark' tab) shows scientifically suspicious, unaudited numbers",templates/dashboard/index.html; world_model/src/streamlit.py; DUAL_IMPLEMENTATION_FINDING,RED,High confidence neither current interface currently demonstrates the validated Phase 6B/8A results,"Pick ONE interface, wire it to the audited VectorWorldModel checkpoint, remove/replace the suspicious hardcoded benchmark numbers with the real Phase 8A comparison (see roadmap P0)",P0
R13,"Benchmark results (F1, precision, recall, FPR) vs. logistic regression baseline, demonstrating temporal-learning advantage","A fair, real comparison","Rigorously done under a SHARED, fair, validation-selected-threshold protocol (Phase 8A). Real, audited, reproducible: Temporal Transformer test F1~=0.8279 / FPR~=0.0255 at FPR<=5%; Logistic Regression baseline substantially weaker; World Model also beats logistic regression but is NOT the strongest model overall",experiments/results/phase8_final_evaluation; Phase 8A comparison_report.md,GREEN,High -- this is the best-executed part of the whole project,None; do not claim 'World Model beats all baselines' -- the Transformer is the strongest model per Phase 8A,P3
R14,"Open-source, fully offline solution",No network dependency for the shipped system's own operation,"Trained-model inference (Phase 6B predict()) requires no network access. PCAP research phases (9B-9I) used S3 for one-time DATA ACQUISITION, not for the shipped system's own operation. Open-source licensing not independently verified in this audit","experiments/phase6b_vector_world_model.py (predict function, local-only)",GREEN,Moderate -- inference path is genuinely offline-capable; licensing unverified (requires verification),Confirm an explicit open-source license file exists,P3
R15,Enterprise and Critical Infrastructure applicability,"General suitability statement, not independently testable as a discrete deliverable",CIC-IDS-2018 dataset is itself designed to emulate an enterprise network testbed; no additional domain-specific validation performed,docs/CIC_IDS2018_DATA_READINESS.md (dataset description),YELLOW,"Low -- plausible via dataset design, not independently demonstrated",None actionable; note as an inherent property of the chosen dataset in the architecture document,P3
