model,kind,split,bin_low,bin_high,count,mean_predicted,observed_rate,gap
temporal_transformer,raw,validation,0.0,0.1,4223,0.01760313577348841,0.24792801326071512,0.23032487748722671
temporal_transformer,raw,validation,0.1,0.2,462,0.13818040083756708,0.6320346320346321,0.49385423119706495
temporal_transformer,raw,validation,0.2,0.30000000000000004,124,0.24308099177096776,0.5080645161290323,0.2649835243580645
temporal_transformer,raw,validation,0.30000000000000004,0.4,92,0.3512226832301413,0.4782608695652174,0.12703818633507613
temporal_transformer,raw,validation,0.4,0.5,74,0.44554316151789186,0.3783783783783784,0.06716478313951346
temporal_transformer,raw,validation,0.5,0.6000000000000001,32,0.5439208541065937,0.4375,0.10642085410659374
temporal_transformer,raw,validation,0.6000000000000001,0.7000000000000001,33,0.6502753478108486,0.42424242424242425,0.22603292356842436
temporal_transformer,raw,validation,0.7000000000000001,0.8,28,0.7582036725112143,0.6785714285714286,0.07963224393978574
temporal_transformer,raw,validation,0.8,0.9,36,0.8554260830085556,0.6111111111111112,0.24431497189744444
temporal_transformer,raw,validation,0.9,1.0,1091,0.9878097554066141,0.9615032080659945,0.026306547340619546
temporal_transformer,raw,test,0.0,0.1,4273,0.011908026866538402,0.09431312894921601,0.08240510208267761
temporal_transformer,raw,test,0.1,0.2,289,0.14422203025502767,0.11418685121107267,0.030035179043955
temporal_transformer,raw,test,0.2,0.30000000000000004,144,0.24710658451335415,0.013888888888888888,0.23321769562446526
temporal_transformer,raw,test,0.30000000000000004,0.4,87,0.34485453367236774,0.022988505747126436,0.3218660279252413
temporal_transformer,raw,test,0.4,0.5,35,0.4434563790048,0.0,0.4434563790048
temporal_transformer,raw,test,0.5,0.6000000000000001,14,0.5384101782527858,0.07142857142857142,0.4669816068242144
temporal_transformer,raw,test,0.6000000000000001,0.7000000000000001,6,0.6381513675051665,0.16666666666666666,0.4714847008384999
temporal_transformer,raw,test,0.7000000000000001,0.8,8,0.761087395250875,0.25,0.511087395250875
temporal_transformer,raw,test,0.8,0.9,5,0.8373061180114,0.6,0.2373061180114
temporal_transformer,raw,test,0.9,1.0,1334,0.9915603229935188,0.9865067466266867,0.005053576366832124
temporal_transformer,calibrated,test,0.0,0.1,0,,,
temporal_transformer,calibrated,test,0.1,0.2,0,,,
temporal_transformer,calibrated,test,0.2,0.30000000000000004,4058,0.25725409134037075,0.09068506653523903,0.16656902480513172
temporal_transformer,calibrated,test,0.30000000000000004,0.4,448,0.34182324676976733,0.14285714285714285,0.19896610391262448
temporal_transformer,calibrated,test,0.4,0.5,165,0.4469521686950836,0.03636363636363636,0.4105885323314472
temporal_transformer,calibrated,test,0.5,0.6000000000000001,102,0.5451816069475344,0.00980392156862745,0.535377685378907
temporal_transformer,calibrated,test,0.6000000000000001,0.7000000000000001,51,0.6425733980150438,0.0196078431372549,0.6229655548777888
temporal_transformer,calibrated,test,0.7000000000000001,0.8,18,0.7366031470494943,0.05555555555555555,0.6810475914939387
temporal_transformer,calibrated,test,0.8,0.9,14,0.8509145730586466,0.21428571428571427,0.6366288587729323
temporal_transformer,calibrated,test,0.9,1.0,1339,0.9480366263605434,0.9850634802091113,0.03702685384856785
vector_world_model_run1,raw,validation,0.0,0.1,4540,0.015524696880957787,0.28370044052863436,0.26817574364767655
vector_world_model_run1,raw,validation,0.1,0.2,165,0.13402277633093942,0.30303030303030304,0.1690075266993636
vector_world_model_run1,raw,validation,0.2,0.30000000000000004,72,0.25084900173044444,0.3333333333333333,0.08248433160288887
vector_world_model_run1,raw,validation,0.30000000000000004,0.4,43,0.34978670644202325,0.37209302325581395,0.022306316813790694
vector_world_model_run1,raw,validation,0.4,0.5,31,0.44136103122477427,0.4838709677419355,0.04250993651716123
vector_world_model_run1,raw,validation,0.5,0.6000000000000001,27,0.550173194320074,0.4444444444444444,0.10572874987562964
vector_world_model_run1,raw,validation,0.6000000000000001,0.7000000000000001,29,0.6458238938758619,0.4827586206896552,0.16306527318620673
vector_world_model_run1,raw,validation,0.7000000000000001,0.8,36,0.7630870723062223,0.5277777777777778,0.2353092945284445
vector_world_model_run1,raw,validation,0.8,0.9,77,0.8558546722708962,0.6883116883116883,0.16754298395920786
vector_world_model_run1,raw,validation,0.9,1.0,1175,0.9895551607456783,0.9370212765957446,0.05253388414993365
vector_world_model_run1,raw,test,0.0,0.1,4259,0.012930075124219328,0.10190185489551538,0.08897177977129606
vector_world_model_run1,raw,test,0.1,0.2,119,0.14399106243323528,0.10084033613445378,0.0431507262987815
vector_world_model_run1,raw,test,0.2,0.30000000000000004,69,0.2459041936241884,0.13043478260869565,0.11546941101549274
vector_world_model_run1,raw,test,0.30000000000000004,0.4,44,0.3438827171921592,0.1590909090909091,0.1847918081012501
vector_world_model_run1,raw,test,0.4,0.5,49,0.4493197786565306,0.10204081632653061,0.34727896233
vector_world_model_run1,raw,test,0.5,0.6000000000000001,41,0.5496786105923415,0.0975609756097561,0.4521176349825854
vector_world_model_run1,raw,test,0.6000000000000001,0.7000000000000001,56,0.646849436419375,0.10714285714285714,0.5397065792765179
vector_world_model_run1,raw,test,0.7000000000000001,0.8,74,0.7479441721697027,0.12162162162162163,0.6263225505480811
vector_world_model_run1,raw,test,0.8,0.9,90,0.8573150734106333,0.13333333333333333,0.7239817400773
vector_world_model_run1,raw,test,0.9,1.0,1394,0.9913900529209326,0.9074605451936872,0.08392950772724539
vector_world_model_run1,calibrated,test,0.0,0.1,0,,,
vector_world_model_run1,calibrated,test,0.1,0.2,0,,,
vector_world_model_run1,calibrated,test,0.2,0.30000000000000004,4119,0.2698540240959742,0.10099538722991017,0.16885863686606403
vector_world_model_run1,calibrated,test,0.30000000000000004,0.4,242,0.3360623068930923,0.11570247933884298,0.22035982755424932
vector_world_model_run1,calibrated,test,0.4,0.5,83,0.4439340040998764,0.13253012048192772,0.3114038836179487
vector_world_model_run1,calibrated,test,0.5,0.6000000000000001,51,0.5413952051867861,0.13725490196078433,0.40414030322600175
vector_world_model_run1,calibrated,test,0.6000000000000001,0.7000000000000001,59,0.6431911250344555,0.11864406779661017,0.5245470572378453
vector_world_model_run1,calibrated,test,0.7000000000000001,0.8,82,0.7525293220783842,0.0975609756097561,0.6549683464686281
vector_world_model_run1,calibrated,test,0.8,0.9,216,0.8622910189535344,0.1574074074074074,0.704883611546127
vector_world_model_run1,calibrated,test,0.9,1.0,1343,0.9180289068514492,0.932241250930752,0.01421234407930283
