split,threshold,precision,recall,f1,fpr,tp,tn,fp,fn
validation,0.1,0.5398422627141691,0.7658179012345679,0.6332748444728027,0.46960865945045793,1985,1911,1692,607
validation,0.2,0.5635276532137519,0.7272376543209876,0.6350008421761832,0.405217873993894,1885,2143,1460,707
validation,0.3,0.5902230971128609,0.6940586419753086,0.6379432624113475,0.3466555648071052,1799,2354,1249,793
validation,0.5,0.6449678800856531,0.5810185185185185,0.6113253501116298,0.23008603941160144,1506,2774,829,1086
validation,0.7,0.844495765973826,0.42322530864197533,0.5638653302492932,0.056064390785456567,1097,3401,202,1495
validation,0.9,0.9705603038936372,0.3942901234567901,0.5607681755829904,0.008603941160144324,1022,3572,31,1570
test,0.1,0.4362093352192362,0.8746454906409529,0.5821064552661381,0.4496841155234657,1542,2439,1993,221
test,0.2,0.4584458445844585,0.8667044809982983,0.5996860282574569,0.4072653429602888,1528,2627,1805,235
test,0.3,0.4894308943089431,0.8536585365853658,0.6221579164944192,0.35424187725631767,1505,2862,1570,258
test,0.5,0.578293952743292,0.819058423142371,0.6779342723004694,0.23759025270758122,1444,3379,1053,319
test,0.7,0.9319916724496877,0.761769710720363,0.83832709113608,0.02211191335740072,1343,4334,98,420
test,0.9,0.9894339622641509,0.7436188315371526,0.8490932642487047,0.00315884476534296,1311,4418,14,452
