epoch,train_loss,validation_pr_auc
1.0,0.15442873291347337,0.730214164820335
2.0,0.09313312002822109,0.7504570521948231
3.0,0.08022818847802346,0.7283991026910288
4.0,0.0703543424282385,0.7577658801852833
5.0,0.06140311568489541,0.7671707679649418
6.0,0.04697037217708345,0.7439161792302975
7.0,0.04129432924243662,0.7656196202189942
8.0,0.03389620250571802,0.7764017229916662
9.0,0.027431221029204925,0.8004453043564136
10.0,0.020938302050459517,0.7881689761714492
11.0,0.017805966615477425,0.7801957194417004
12.0,0.018745293359413905,0.7751324554022104
13.0,0.012085027488722953,0.7666832456516082
14.0,0.011061336831793913,0.7850809740979309
