dataset_label,normalized_label,mitre_stage,technique_id,confidence,evidence_type,notes
Benign,benign,BENIGN,,1.0,heuristic,Normal network behaviour
Bot,bot,COMMAND_AND_CONTROL,,0.85,heuristic,Possible command and control activity
DDoS attack-HOIC,ddos attack hoic,IMPACT,T1498,0.95,authoritative_generic,HOIC is a volumetric/network-flood DDoS tool. T1498 Network Denial of Service is the standard ATT&CK technique for this attack class.
DDoS attacks-LOIC-HTTP,ddos attacks loic http,IMPACT,T1498,0.95,authoritative_generic,Same standard DDoS technique (T1498) as the other LOIC/HOIC flood tools.
DDoS attack-LOIC-UDP,ddos attack loic udp,IMPACT,T1498,0.95,authoritative_generic,Same standard DDoS technique (T1498) as the other LOIC/HOIC flood tools.
DoS attacks-Hulk,dos attacks hulk,IMPACT,T1499,0.9,authoritative_generic,Hulk exhausts a single web server's resources rather than flooding network bandwidth; T1499 Endpoint Denial of Service is the more precise standard technique than the network-flood T1498 used for HOIC/LOIC.
DoS attacks-SlowHTTPTest,dos attacks slowhttptest,IMPACT,T1499,0.9,authoritative_generic,"Same rationale as DoS attacks-Hulk: single-service exhaustion, T1499."
DoS attacks-GoldenEye,dos attacks goldeneye,IMPACT,T1499,0.9,authoritative_generic,"Same rationale as DoS attacks-Hulk: single-service exhaustion, T1499."
DoS attacks-Slowloris,dos attacks slowloris,IMPACT,T1499,0.9,authoritative_generic,"Same rationale as DoS attacks-Hulk: single-service exhaustion, T1499."
FTP-BruteForce,ftp bruteforce,CREDENTIAL_ACCESS,T1110,0.9,heuristic,Brute Force
SSH-Bruteforce,ssh bruteforce,CREDENTIAL_ACCESS,T1110,0.9,heuristic,Brute Force
Infiltration,infiltration,LATERAL_MOVEMENT,,0.8,heuristic_uncertain,"Reviewed in Phase 7A. CSE-CIC-IDS2018's 'Infiltration' scenario documents a dropped-file execution phase (Initial Access / Execution) followed by internal network probing (Discovery / Lateral Movement); the dataset provides one flow-level label regardless of which sub-phase produced a given flow, so the specific stage cannot be disambiguated from the label alone. LATERAL_MOVEMENT is retained as the predominant network-visible signature per public dataset documentation, but this mapping is explicitly uncertain and must not be treated as authoritative."
Brute Force -Web,brute force  web,CREDENTIAL_ACCESS,T1110,0.9,heuristic,Brute Force
Brute Force -XSS,brute force  xss,INITIAL_ACCESS,T1190,0.7,heuristic_reasoned,"FIXED (Phase 7A): despite the dataset's label containing the words 'Brute Force', this is a Cross-Site Scripting attack, not credential brute-forcing. It previously matched the generic 'brute force' keyword via substring containment and was misclassified as Credential Access / T1110. Now resolved via an exact canonical match to Initial Access / T1190 Exploit Public-Facing Application, the closest standard ATT&CK technique for exploiting a web app via injected script. This is a corrected heuristic judgment, not a definitive per-flow-verified citation -- lower confidence than SQL Injection reflects that."
SQL Injection,sql injection,INITIAL_ACCESS,T1190,0.85,authoritative_generic,"FIXED (Phase 7A): previously matched no entry and fell back to BENIGN / confidence 0.0. SQL injection against a public-facing web application is a standard, widely-cited example of MITRE ATT&CK T1190 Exploit Public-Facing Application."
Infilteration (alias of Infiltration),infilteration,LATERAL_MOVEMENT,,0.8,heuristic_uncertain,"Raw pre-normalization spelling ('Infilteration') of 'Infiltration'; see the 'infiltration' entry above for the full Phase 7A review note. build_temporal_dataset.py already normalizes this typo to 'Infiltration' upstream, but this alias is registered defensively for any caller passing the raw dataset spelling directly."
LOIC-HTTP (alias of DDoS attacks-LOIC-HTTP),loic http,IMPACT,T1498,0.95,authoritative_generic,Alias of 'DDoS attacks-LOIC-HTTP'.
LOIC-UDP (alias of DDoS attack-LOIC-UDP),loic udp,IMPACT,T1498,0.95,authoritative_generic,Alias of 'DDoS attack-LOIC-UDP'.
Web Brute Force (alias of Brute Force -Web),web brute force,CREDENTIAL_ACCESS,T1110,0.9,authoritative_generic,Reordered alias of 'Brute Force -Web'; same genuine login brute-force mapping.
XSS (alias of Brute Force -XSS),xss,INITIAL_ACCESS,T1190,0.7,heuristic_reasoned,Alias of 'Brute Force -XSS' under its common generic name.
