model,horizon_step,horizon_label,n,positive_prevalence,threshold,precision,recall,f1,pr_auc,roc_auc,fpr,tp,tn,fp,fn
learned_model,1,t+1,6195,0.2652138821630347,0.028870904818177223,0.4857142857142857,0.7863664029214851,0.6005112712061352,0.830667971276842,0.8728329805202237,0.30052724077328646,1292,3184,1368,351
learned_model,2,t+2,6195,0.2645682001614205,0.039048291742801666,0.5346989966555183,0.7803538743136058,0.6345819895807492,0.8379855751492175,0.8741034893007953,0.24429323968393327,1279,3443,1113,360
learned_model,3,t+3,6195,0.26408393866020985,0.04552200436592102,0.6103646833013435,0.7775061124694377,0.6838709677419355,0.8422107339702907,0.8752959700873792,0.17810923448124588,1272,3747,812,364
learned_model,4,t+4,6195,0.2635996771589992,0.0487670972943306,0.6277013752455796,0.782608695652174,0.6966475878986099,0.8428924247250309,0.8758876477130898,0.16615519508987286,1278,3804,758,355
learned_model,5,t+5,6195,0.262953995157385,0.049865905195474625,0.6259803921568627,0.7839165131982812,0.6961024802398473,0.8427472724786245,0.8762599129283704,0.1671046868155935,1277,3803,763,352
learned_model,6,t+6,6195,0.2623083131557708,0.05242456495761871,0.6234084231145935,0.7833846153846153,0.694300518134715,0.8415258863746643,0.8760784379734052,0.16827133479212253,1273,3801,769,352
baseline_a_persistence,1,t+1,6195,0.2652138821630347,0.5,0.9696233292831106,0.9713937918441875,0.9705077531164488,0.9494728460118729,0.9802048045336931,0.010984182776801407,1596,4502,50,47
baseline_a_persistence,2,t+2,6195,0.2645682001614205,0.5,0.9544349939246659,0.9585112873703477,0.956468797564688,0.925813308765483,0.9710247393831545,0.01646180860403863,1571,4481,75,68
baseline_a_persistence,3,t+3,6195,0.26408393866020985,0.5,0.9520048602673147,0.9578239608801956,0.9549055453991468,0.9229910805662815,0.9702477996987072,0.017328361482781312,1567,4480,79,69
baseline_a_persistence,4,t+4,6195,0.2635996771589992,0.5,0.9489671931956257,0.9565217391304348,0.9527294906983836,0.9191686055418594,0.969054381182929,0.01841297676457694,1562,4478,84,71
baseline_a_persistence,5,t+5,6195,0.262953995157385,0.5,0.9507897934386391,0.9607120933087784,0.9557251908396946,0.9237661647768832,0.9714861386386205,0.017739816031537452,1565,4485,81,64
baseline_a_persistence,6,t+6,6195,0.2623083131557708,0.5,0.9416767922235723,0.9538461538461539,0.9477224090492204,0.9103213239589045,0.9664197946473658,0.02100656455142232,1550,4474,96,75
baseline_b_whole_horizon_broadcast,1,t+1,6195,0.2652138821630347,0.04655127227306366,0.6044214487300094,0.7821059038344492,0.6818784823560626,0.8396756758194335,0.8689133053150877,0.18475395430579966,1285,3711,841,358
baseline_b_whole_horizon_broadcast,2,t+2,6195,0.2645682001614205,0.04655127227306366,0.6025399811853246,0.7815741305674192,0.6804780876494024,0.8361846610380347,0.8679027073297333,0.18546971027216858,1281,3711,845,358
baseline_b_whole_horizon_broadcast,3,t+3,6195,0.26408393866020985,0.04560694098472595,0.5988779803646563,0.7830073349633252,0.6786754966887417,0.8358183066574217,0.86781298819981,0.18819916648387805,1281,3701,858,355
baseline_b_whole_horizon_broadcast,4,t+4,6195,0.2635996771589992,0.04560694098472595,0.5979429640018701,0.7832210655235763,0.6781548250265111,0.8357892914932924,0.8679034157674638,0.18851380973257342,1279,3702,860,354
baseline_b_whole_horizon_broadcast,5,t+5,6195,0.262953995157385,0.04655127227306366,0.6001881467544685,0.7833026396562308,0.6796271637816245,0.8359810654477773,0.8682168385270583,0.18615856329391153,1276,3716,850,353
baseline_b_whole_horizon_broadcast,6,t+6,6195,0.2623083131557708,0.04560694098472595,0.5960729312762973,0.7846153846153846,0.677470775770457,0.8348217151459327,0.868015552937216,0.18905908096280089,1275,3706,864,350
